<?xml version="1.0" encoding="UTF-8" standalone="yes"?>
<addon id="repository.safe streams" name="knobbys repo" version="0.0.1" provider-name="knobby">
	<extension point="xbmc.addon.repository" name="knobbys repo">
		<dir>
			<info compressed="false">https://offshoregit.com/tvaresolvers/tva-common-repository/raw/master/addons.xml</info>
			<checksum>https://offshoregit.com/tvaresolvers/tva-common-repository/raw/master/addons.xml.md5</checksum>
			<datadir zip="true">https://offshoregit.com/tvaresolvers/tva-common-repository/raw/master/zips/</datadir>
		</dir>
		<dir>
			<info compressed="false">https://raw.githubusercontent.com/noobsandnerds/modules4all/master/zips/addons.xml</info>
			<checksum>https://raw.githubusercontent.com/noobsandnerds/modules4all/master/zips/addons.xml.md5</checksum>
			<datadir zip="true">https://raw.githubusercontent.com/noobsandnerds/modules4all/master/zips/</datadir>
		</dir>
		<info compressed="false">https://raw.githubusercontent.com/knobby008/repository.safe streams/master/zips/addons.xml</info>
		<checksum>https://raw.githubusercontent.com/knobby008/repository.safe streams/master/zips/addons.xml.md5</checksum>
		<datadir zip="true">https://raw.githubusercontent.com/knobby008/repository.safe streams/master/zips/</datadir>
	</extension>
	<extension point="xbmc.addon.metadata">
		<summary lang="en">Private movies and shows</summary>
		<description lang="en">Private movies and shows</description>
		<genre></genre>
	</extension>
</addon>